cell_name,cell_lon,cell_lat,cell_azimuth
3rd_Cross_St-CM0669-H_A,79.852878,6.937347,210.0
3rd_Cross_St-CM0669-H_B,79.852878,6.937347,320.0
AASL-GM0001-B_A,79.890556,7.177222,5.0
AASL-GM0001-B_B,79.890556,7.177222,210.0
AASL-GM0001-B_C,79.890556,7.177222,260.0
AASL-GM0001-H_1A,79.890556,7.177222,5.0
AASL-GM0001-H_1B,79.890556,7.177222,230.0
AASL-GM0001-H_1C,79.890556,7.177222,260.0
AASL-GM0001-H_1U,79.890556,7.177222,5.0
AASL-GM0001-H_1W,79.890556,7.177222,260.0
AASL-GM0001-H_2A,79.890556,7.177222,5.0
AASL-GM0001-H_2B,79.890556,7.177222,230.0
AASL-GM0001-H_2C,79.890556,7.177222,260.0
AASL-GM0001-H_2U,79.890556,7.177222,5.0
AASL-GM0001-H_2W,79.890556,7.177222,260.0
AASL-GM0001-H_3B,79.890556,7.177222,230.0
AASL-GM0001-H_4B,79.890556,7.177222,230.0
Airport_Garden_Ind-GM0353-K_A,79.871897,7.145561,0.0
Airport_Garden_Out-GM0353-B_A,79.871897,7.145561,240.0
Airport_Jn-GM0002-B_A,79.870807,7.157203999999999,45.0
Airport_Jn-GM0002-B_B,79.870807,7.157203999999999,150.0
Airport_Jn-GM0002-B_C,79.870807,7.157203999999999,0.0
Airport_Jn-GM0002-H_1A,79.870807,7.157203999999999,0.0
Airport_Jn-GM0002-H_2A,79.870807,7.157203999999999,0.0
Airport_Jn-GM0002-H_B,79.870807,7.157203999999999,90.0
Airport_Jn-GM0002-H_C,79.870807,7.157203999999999,190.0
Airport_Jn-GM0002-H_D,79.870807,7.157203999999999,350.0
Airport_Rd_Lamp-GM5024-H_A,79.876675,7.160472,30.0
Airport_Rd_Lamp-GM5024-H_B,79.876675,7.160472,100.0
Airport_Rd_Lamp-GM5024-H_C,79.876675,7.160472,225.0
Akkarapanaha-GM0444-B_A,79.865555,7.204722,40.0
Akkarapanaha-GM0444-B_B,79.865555,7.204722,160.0
Akkarapanaha-GM0444-B_C,79.865555,7.204722,300.0
Akkarapanaha-GM0444-B_D,79.865555,7.204722,290.0
Akkarapanaha-GM0444-H_1A,79.865555,7.204722,40.0
Akkarapanaha-GM0444-H_1B,79.865555,7.204722,160.0
Akkarapanaha-GM0444-H_1C,79.865555,7.204722,300.0
Akkarapanaha-GM0444-H_2A,79.865555,7.204722,40.0
Akkarapanaha-GM0444-H_2B,79.865555,7.204722,160.0
Akkarapanaha-GM0444-H_2C,79.865555,7.204722,300.0
Akkarapanaha-GM0444-H_3B,79.865555,7.204722,160.0
Akkarapanaha-GM0444-H_4B,79.865555,7.204722,160.0
Alutepola-GM0262-H_1A,79.964722,7.208611,30.0
Alutepola-GM0262-H_B,79.964722,7.208611,180.0
Alutepola-GM0262-H_C,79.964722,7.208611,240.0
Alutepola-GM0262-P_1C,79.964722,7.208611,240.0
Alutepola-GM0262-P_2C,79.964722,7.208611,240.0
Ambalanmulla-GM0124-H_1A,79.879166,7.1194440000000005,100.0
Ambalanmulla-GM0124-H_2A,79.879166,7.1194440000000005,100.0
Ambalanmulla-GM0124-H_B,79.879166,7.1194440000000005,150.0
Ambalanmulla-GM0124-H_C,79.879166,7.1194440000000005,350.0
Andiambalama-GM0056-H_1A,79.902222,7.186944,0.0
Andiambalama-GM0056-H_1B,79.902222,7.186944,130.0
Andiambalama-GM0056-H_1C,79.902222,7.186944,220.0
Andiambalama-GM0056-H_2A,79.902222,7.186944,0.0
Andiambalama-GM0056-H_2B,79.902222,7.186944,130.0
Andiambalama-GM0056-H_2C,79.902222,7.186944,220.0
Andiambalama-GM0056-H_3A,79.902222,7.186944,0.0
Andiambalama-GM0056-H_3B,79.902222,7.186944,130.0
Andiambalama-GM0056-H_3C,79.902222,7.186944,220.0
Andiambalama-GM0056-H_4A,79.902222,7.186944,0.0
Andiambalama-GM0056-H_4B,79.902222,7.186944,130.0
Andiambalama-GM0056-H_4C,79.902222,7.186944,220.0
Andiambalama-GM0056-P_1A,79.902222,7.186944,0.0
Andiambalama-GM0056-P_C,79.902222,7.186944,120.0
Andiambalama_South-GM0696-H_1A,79.903148,7.176378,0.0
Andiambalama_South-GM0696-H_1B,79.903148,7.176378,120.0
Andiambalama_South-GM0696-H_1C,79.903148,7.176378,200.0
Andiambalama_South-GM0696-H_2A,79.903148,7.176378,0.0
Andiambalama_South-GM0696-H_2B,79.903148,7.176378,120.0
Aweriwatta-GM0057-B_A,79.883611,7.161111,45.0
Aweriwatta-GM0057-B_B,79.883611,7.161111,170.0
Aweriwatta-GM0057-B_C,79.883611,7.161111,250.0
Aweriwatta-GM0057-H_1A,79.883611,7.161111,45.0
Aweriwatta-GM0057-H_1B,79.883611,7.161111,180.0
Aweriwatta-GM0057-H_1C,79.883611,7.161111,250.0
Aweriwatta-GM0057-H_2A,79.883611,7.161111,45.0
Aweriwatta-GM0057-H_2B,79.883611,7.161111,180.0
Aweriwatta-GM0057-H_2C,79.883611,7.161111,250.0
Aweriwatta-GM0057-P_1B,79.883611,7.161111,180.0
Aweriwatta-GM0057-P_2B,79.883611,7.161111,180.0
Aweriwatta_Jn-GM0201-H_1A,79.882901,7.163842999999999,30.0
Aweriwatta_Jn-GM0201-H_1B,79.882901,7.163842999999999,140.0
Aweriwatta_Jn-GM0201-H_1C,79.882901,7.163842999999999,280.0
Aweriwatta_Jn-GM0201-H_2A,79.882901,7.163842999999999,30.0
Aweriwatta_Jn-GM0201-H_2B,79.882901,7.163842999999999,140.0
Aweriwatta_Jn-GM0201-H_2C,79.882901,7.163842999999999,280.0
Aweriwatta_Jn-GM0201-H_3A,79.882901,7.163842999999999,30.0
Aweriwatta_Jn-GM0201-H_3C,79.882901,7.163842999999999,280.0
Aweriwatta_Jn-GM0201-H_4A,79.882901,7.163842999999999,30.0
Aweriwatta_Jn-GM0201-H_4C,79.882901,7.163842999999999,280.0
Aweriwatta_Jn-GM0201-P_1A,79.882901,7.163842999999999,30.0
Aweriwatta_Jn-GM0201-P_1C,79.882901,7.163842999999999,280.0
Aweriwatta_Jn-GM0201-P_2A,79.882901,7.163842999999999,30.0
Aweriwatta_Jn-GM0201-P_2C,79.882901,7.163842999999999,280.0
Aweriwatta_Jn-GM0201-P_3A,79.882901,7.163842999999999,30.0
Aweriwatta_Jn-GM0201-P_3C,79.882901,7.163842999999999,280.0
Aweriwatta_Jn-GM0201-P_4A,79.882901,7.163842999999999,30.0
Aweriwatta_Jn-GM0201-P_4C,79.882901,7.163842999999999,280.0
BIA_Cargo_Ind-GM0563-K_A,79.876101,7.161685,0.0
BIA_Ind-GM0350-K_A,79.88813,7.181609,0.0
BIA_Ind-GM0350-K_B,79.88813,7.181609,0.0
BIA_Ind-GM0350-K_C,79.88813,7.181609,0.0
Badalgama-GM0004-H_1C,79.973611,7.280555,240.0
Badalgama-GM0004-P_C,79.973611,7.280555,300.0
Bambukuliya-GM0181-H_1B,79.887777,7.270277,140.0
Bambukuliya-GM0181-H_2B,79.887777,7.270277,140.0
Bambukuliya_South-GM0688-B_B,79.885277,7.265555,170.0
Bambukuliya_South-GM0688-B_C,79.885277,7.265555,250.0
Bambukuliya_South-GM0688-H_A,79.885277,7.265555,10.0
Bambukuliya_South-GM0688-H_B,79.885277,7.265555,170.0
Bambukuliya_South-GM0688-H_C,79.885277,7.265555,250.0
Bandarawatta-GM0298-H_A,79.875277,7.135,10.0
Bandarawatta-GM0298-H_B,79.875277,7.135,90.0
Bandarawatta-GM0298-H_C,79.875277,7.135,190.0
Bandarawatta-GM0298-P_B,79.875277,7.135,90.0
Basiyawatta_Reloc-GM0373-B_A,79.825277,7.170833,340.0
Basiyawatta_Reloc-GM0373-B_B,79.825277,7.170833,170.0
Basiyawatta_Reloc-GM0373-H_A,79.825277,7.170833,340.0
Basiyawatta_Reloc-GM0373-H_B,79.825277,7.170833,170.0
Basiyawatta_Reloc-GM0373-P_1A,79.825277,7.170833,340.0
Basiyawatta_Reloc-GM0373-P_B,79.825277,7.170833,170.0
Battaramulla_RT-CM0128-H_2B,79.919813,6.901153999999999,130.0
Batuwatta_Reloc-GM0682-H_2D,79.942777,7.055555,300.0
Belummahara-GM0058-H_4A,80.005277,7.066111,0.0
Bemmulla-GM0121-H_1D,80.028888,7.121666,240.0
Bingpadura-GM0327-B_A,79.848611,7.085833,45.0
Bingpadura-GM0327-B_C,79.848611,7.085833,330.0
Bingpadura-GM0327-H_A,79.848611,7.085833,45.0
Bingpadura-GM0327-H_C,79.848611,7.085833,330.0
Bopitiya-GM0694-B_A,79.857416,7.0795059999999985,70.0
Bopitiya-GM0694-B_C,79.857416,7.0795059999999985,310.0
Bopitiya-GM0694-H_1A,79.857416,7.0795059999999985,70.0
Bopitiya-GM0694-H_2C,79.857416,7.0795059999999985,310.0
Bujjampola-PU0094-H_1C,79.916666,7.321944,240.0
Bujjampola-PU0094-P_1B,79.916666,7.321944,90.0
Bujjampola-PU0094-P_2B,79.916666,7.321944,90.0
Bulugahamulla-GM0274-H_1B,79.981111,7.166111,160.0
Bulugahamulla-GM0274-H_1C,79.981111,7.166111,280.0
Bulugahamulla-GM0274-H_2C,79.981111,7.166111,280.0
Bulugahawadiya-GM0283-B_A,79.880555,7.2219440000000015,5.0
Bulugahawadiya-GM0283-B_B,79.880555,7.2219440000000015,120.0
Bulugahawadiya-GM0283-B_C,79.880555,7.2219440000000015,230.0
Bulugahawadiya-GM0283-H_1A,79.880555,7.2219440000000015,5.0
Bulugahawadiya-GM0283-H_1B,79.880555,7.2219440000000015,120.0
Bulugahawadiya-GM0283-H_1C,79.880555,7.2219440000000015,240.0
Bulugahawadiya-GM0283-H_2A,79.880555,7.2219440000000015,5.0
Bulugahawadiya-GM0283-H_2B,79.880555,7.2219440000000015,120.0
Bulugahawadiya-GM0283-H_2C,79.880555,7.2219440000000015,240.0
Bulugahawadiya-GM0283-H_3C,79.880555,7.2219440000000015,240.0
Bulugahawadiya-GM0283-H_4C,79.880555,7.2219440000000015,240.0
Bulugahawadiya-GM0283-P_1C,79.880555,7.2219440000000015,240.0
Bulugahawadiya-GM0283-P_2C,79.880555,7.2219440000000015,240.0
Bulugahawadiya-GM0283-P_3C,79.880555,7.2219440000000015,240.0
Bulugahawadiya-GM0283-P_4C,79.880555,7.2219440000000015,240.0
Chilaw_Town-PU0015-H_1A,79.795277,7.576111,45.0
Chundukkuli-JA0022-H_A,80.033478,9.655714,310.0
Club_Dolphin_Hotel-PU0136-H_B,79.84055500000002,7.2925,180.0
Continental_Residencies_Lamp-GM5002-H_A,79.846355,7.223151,0.0
Continental_Residencies_Lamp-GM5002-H_B,79.846355,7.223151,120.0
Continental_Residencies_Lamp-GM5002-H_C,79.846355,7.223151,240.0
Dagonna-GM0165-H_1A,79.913662,7.212828999999998,350.0
Dagonna-GM0165-H_1B,79.913662,7.212828999999998,45.0
Dagonna-GM0165-H_1C,79.913662,7.212828999999998,120.0
Dagonna-GM0165-H_1D,79.913662,7.212828999999998,220.0
Dagonna-GM0165-H_1W,79.913662,7.212828999999998,120.0
Dagonna-GM0165-H_2A,79.913662,7.212828999999998,350.0
Dagonna-GM0165-H_2B,79.913662,7.212828999999998,45.0
Dagonna-GM0165-H_2C,79.913662,7.212828999999998,120.0
Dagonna-GM0165-H_2D,79.913662,7.212828999999998,220.0
Dagonna-GM0165-H_2W,79.913662,7.212828999999998,120.0
Daluwakotuwa_Junc-GM0766-B_A,79.855867,7.254734,0.0
Daluwakotuwa_Junc-GM0766-B_B,79.855867,7.254734,100.0
Daluwakotuwa_Junc-GM0766-B_C,79.855867,7.254734,200.0
Daluwakotuwa_Junc-GM0766-B_D,79.855867,7.254734,290.0
Daluwakotuwa_Junc-GM0766-H_A,79.855867,7.254734,0.0
Daluwakotuwa_Junc-GM0766-H_B,79.855867,7.254734,100.0
Daluwakotuwa_Junc-GM0766-H_C,79.855867,7.254734,200.0
Daluwakotuwa_Junc-GM0766-H_D,79.855867,7.254734,290.0
Daluwakotuwa_Junc-GM0766-H_W,79.855867,7.254734,200.0
Dandugama-GM0160-H_1C,79.885,7.0988880000000005,200.0
Dandugama-GM0160-H_2C,79.885,7.0988880000000005,200.0
Dandugama-GM0160-H_A,79.885,7.0988880000000005,0.0
Dandugama-GM0160-H_B,79.885,7.0988880000000005,150.0
Dankotuwa-PU0004-H_2C,79.8875,7.298333,170.0
Dehiattakandiya-AM0133-H_1A,81.0484199934088,7.67111,40.0
Dekatana_East-GM0469-B_C,80.055555,6.971666,0.0
Dekatana_East-GM0469-H_B,80.055555,6.971666,240.0
Demanhandiya-GM0064-B_A,79.888888,7.228055,0.0
Demanhandiya-GM0064-B_B,79.888888,7.228055,70.0
Demanhandiya-GM0064-B_C,79.888888,7.228055,200.0
Demanhandiya-GM0064-H_1A,79.888888,7.228055,0.0
Demanhandiya-GM0064-H_1B,79.888888,7.228055,70.0
Demanhandiya-GM0064-H_1C,79.888888,7.228055,200.0
Demanhandiya-GM0064-H_1V,79.888888,7.228055,70.0
Demanhandiya-GM0064-H_2A,79.888888,7.228055,0.0
Demanhandiya-GM0064-H_2B,79.888888,7.228055,70.0
Demanhandiya-GM0064-H_2C,79.888888,7.228055,200.0
Demanhandiya-GM0064-H_2V,79.888888,7.228055,70.0
Demanhandiya-GM0064-P_1C,79.888888,7.228055,200.0
Demanhandiya-GM0064-P_2C,79.888888,7.228055,200.0
Demataowita-GM0264-H_1B,79.914722,7.231944,80.0
Demataowita-GM0264-H_1C,79.914722,7.231944,240.0
Demataowita-GM0264-H_A,79.914722,7.231944,20.0
Demataowita-GM0264-H_U,79.914722,7.231944,20.0
Demataowita-GM0264-H_V,79.914722,7.231944,80.0
Demataowita-GM0264-H_W,79.914722,7.231944,240.0
Divlapitiya-GM0006-H_1C,80.016666,7.225,290.0
Divlapitiya-GM0006-P_1C,80.016666,7.225,290.0
Dunagaha-GM0067-H_1A,79.974166,7.233888,130.0
Dunagaha-GM0067-H_1B,79.974166,7.233888,240.0
Dunagaha-GM0067-H_2A,79.974166,7.233888,130.0
Dunagaha-GM0067-H_2B,79.974166,7.233888,240.0
Dunagaha-GM0067-P_1B,79.974166,7.233888,240.0
Dunagaha-GM0067-P_2B,79.974166,7.233888,240.0
Duriyangahadeniya-GM0416-B_A,79.898888,7.2619440000000015,80.0
Duriyangahadeniya-GM0416-B_B,79.898888,7.2619440000000015,200.0
Duriyangahadeniya-GM0416-B_C,79.898888,7.2619440000000015,350.0
Duriyangahadeniya-GM0416-H_1A,79.898888,7.2619440000000015,90.0
Duriyangahadeniya-GM0416-H_2A,79.898888,7.2619440000000015,90.0
Duriyangahadeniya-GM0416-H_B,79.898888,7.2619440000000015,200.0
Duriyangahadeniya-GM0416-H_C,79.898888,7.2619440000000015,350.0
Ekala-GM0007-B_A,79.896885,7.094167,4.0
Ekala-GM0007-H_1A,79.896885,7.094167,4.0
Ekala-GM0007-H_1B,79.896885,7.094167,120.0
Ekala-GM0007-H_2A,79.896885,7.094167,4.0
Ekala-GM0007-H_2C,79.896885,7.094167,260.0
Ekala_Industril_Zone-GM0447-B_A,79.896111,7.1025,60.0
Ekala_Industril_Zone-GM0447-H_1A,79.896111,7.1025,60.0
Ekala_Industril_Zone-GM0447-H_2A,79.896111,7.1025,60.0
Ekala_Industril_Zone-GM0447-H_3A,79.896111,7.1025,60.0
Ekala_Industril_Zone-GM0447-H_4A,79.896111,7.1025,60.0
Ekala_Industril_Zone-GM0447-P_1A,79.896111,7.1025,60.0
Ekala_Industril_Zone-GM0447-P_2A,79.896111,7.1025,60.0
Ekala_Industril_Zone-GM0447-P_4A,79.896111,7.1025,60.0
Ekala_North-GM0139-B_A,79.905555,7.103055,10.0
Ekala_North-GM0139-B_B,79.905555,7.103055,80.0
Ekala_North-GM0139-H_1A,79.905555,7.103055,10.0
Ekala_North-GM0139-H_1B,79.905555,7.103055,80.0
Ekala_North-GM0139-H_2A,79.905555,7.103055,10.0
Ekala_North-GM0139-H_2B,79.905555,7.103055,80.0
Ekala_North-GM0139-H_2C,79.905555,7.103055,220.0
Ekala_North-GM0139-H_3A,79.905555,7.103055,10.0
Ekala_North-GM0139-H_4A,79.905555,7.103055,10.0
Elibank_Rd-CM1438-B_A,79.86519200000002,6.884532000000001,100.0
Elibank_Rd-CM1438-H_A,79.86519200000002,6.884532000000001,100.0
Elibank_Rd-CM1438-P_A,79.86519200000002,6.884532000000001,100.0
FTZ-GM0010-B_A,79.893333,7.1702770000000005,0.0
FTZ-GM0010-B_B,79.893333,7.1702770000000005,120.0
FTZ-GM0010-B_C,79.893333,7.1702770000000005,270.0
FTZ-GM0010-H_1A,79.893333,7.1702770000000005,60.0
FTZ-GM0010-H_1B,79.893333,7.1702770000000005,170.0
FTZ-GM0010-H_1C,79.893333,7.1702770000000005,310.0
FTZ-GM0010-H_2A,79.893333,7.1702770000000005,60.0
FTZ-GM0010-H_2B,79.893333,7.1702770000000005,170.0
FTZ-GM0010-H_2C,79.893333,7.1702770000000005,310.0
FTZ-GM0010-H_3A,79.893333,7.1702770000000005,60.0
FTZ-GM0010-H_3C,79.893333,7.1702770000000005,310.0
FTZ-GM0010-H_4A,79.893333,7.1702770000000005,60.0
FTZ-GM0010-H_4C,79.893333,7.1702770000000005,310.0
FTZ-GM0010-P_1C,79.893333,7.1702770000000005,280.0
FTZ-GM0010-P_2C,79.893333,7.1702770000000005,280.0
FTZ_South-GM0062-H_1A,79.891666,7.1625,15.0
FTZ_South-GM0062-H_1B,79.891666,7.1625,90.0
FTZ_South-GM0062-H_1C,79.891666,7.1625,240.0
FTZ_South-GM0062-H_2A,79.891666,7.1625,15.0
FTZ_South-GM0062-H_2C,79.891666,7.1625,240.0
Fredrica_Rd-CM1407-H_A,79.859787,6.87888999999999,10.0
Galoluwa-GM0633-H_1A,79.9375,7.161667,40.0
Galoluwa-GM0633-H_1B,79.9375,7.161667,185.0
Galoluwa-GM0633-H_1C,79.9375,7.161667,270.0
Galoluwa-GM0633-H_1D,79.9375,7.161667,325.0
Galoluwa-GM0633-H_2A,79.9375,7.161667,40.0
Galoluwa-GM0633-H_2B,79.9375,7.161667,185.0
Galoluwa-GM0633-H_2C,79.9375,7.161667,270.0
Galoluwa-GM0633-H_2D,79.9375,7.161667,325.0
Galoluwa-GM0633-H_3A,79.9375,7.161667,40.0
Galoluwa-GM0633-H_3C,79.9375,7.161667,270.0
Galoluwa-GM0633-H_4A,79.9375,7.161667,40.0
Galoluwa-GM0633-H_4C,79.9375,7.161667,270.0
Galoluwa-GM0633-P_1C,79.9375,7.161667,270.0
Galoluwa-GM0633-P_2C,79.9375,7.161667,270.0
Galoluwa-GM0633-P_3C,79.9375,7.161667,270.0
Galoluwa-GM0633-P_4C,79.9375,7.161667,270.0
Ganegoda-GM0266-H_1B,80.08694399999997,7.218055,110.0
Goldi_Sands_Negombo_Lamp-GM5010-H_A,79.841302,7.245757000000001,180.0
Goldi_Sands_Negombo_Lamp-GM5010-H_B,79.841302,7.245757000000001,0.0
Goldi_Sands_Negombo_Lamp-GM5010-H_C,79.841302,7.245757000000001,90.0
Goluwapokuna_SLAF-GM0333-B_A,79.87527800000002,7.181389,20.0
Goluwapokuna_SLAF-GM0333-B_B,79.87527800000002,7.181389,120.0
Goluwapokuna_SLAF-GM0333-B_C,79.87527800000002,7.181389,220.0
Goluwapokuna_SLAF-GM0333-H_1A,79.87527800000002,7.181389,20.0
Goluwapokuna_SLAF-GM0333-H_1B,79.87527800000002,7.181389,0.0
Goluwapokuna_SLAF-GM0333-H_1C,79.87527800000002,7.181389,220.0
Goluwapokuna_SLAF-GM0333-H_2A,79.87527800000002,7.181389,20.0
Goluwapokuna_SLAF-GM0333-H_2B,79.87527800000002,7.181389,0.0
Goluwapokuna_SLAF-GM0333-H_2C,79.87527800000002,7.181389,220.0
Goluwapokuna_SLAF-GM0333-H_3A,79.87527800000002,7.181389,20.0
Goluwapokuna_SLAF-GM0333-H_4A,79.87527800000002,7.181389,20.0
Goluwapokuna_SLAF-GM0333-P_1A,79.87527800000002,7.181389,20.0
Goluwapokuna_SLAF-GM0333-P_2A,79.87527800000002,7.181389,20.0
Goluwapokuna_SLAF-GM0333-P_3A,79.87527800000002,7.181389,20.0
Goluwapokuna_SLAF-GM0333-P_4A,79.87527800000002,7.181389,20.0
Goluwapokuna_SLAF-GM0333-P_B,79.87527800000002,7.181389,120.0
Hampton_Lane-CM0379-L_B,79.86561800000001,6.873898,120.0
Hampton_Lane-CM0379-L_Q,79.86561800000001,6.873898,120.0
Heenatiyana-GM0184-H_1B,79.915,7.160277000000002,120.0
Heenatiyana-GM0184-H_1C,79.915,7.160277000000002,230.0
Heenatiyana-GM0184-H_2B,79.915,7.160277000000002,120.0
Heenatiyana-GM0184-H_2C,79.915,7.160277000000002,230.0
Heenatiyana-GM0184-H_A,79.915,7.160277000000002,10.0
Hekiththa-GM0016-L_R,79.880833,6.9855550000000015,240.0
Hekiththa-GM0016-L_W,79.880833,6.9855550000000015,240.0
Heritance_Negomb_Ind-GM0573-K_A,79.840767,7.234847999999999,0.0
Heritance_Negomb_Ind-GM0573-K_B,79.840767,7.234847999999999,0.0
Heritance_Negomb_Ind-GM0573-K_C,79.840767,7.234847999999999,0.0
Hokandara_North-CM0515-B_A,79.9682,6.8779,350.0
Hokandara_North-CM0515-H_3A,79.9682,6.8779,350.0
Holike-AM0098-B_A,81.261347,7.377692,80.0
Holike-AM0098-B_B,81.261347,7.377692,160.0
Holike-AM0098-H_A,81.261347,7.377692,80.0
Holike-AM0098-H_B,81.261347,7.377692,160.0
Holike-AM0098-H_C,81.261347,7.377692,320.0
Horahena-CM0360-H_1C,79.975348,6.868463,310.0
Horakele-GM0363-H_1C,79.966944,7.2483330000000015,270.0
Horakele-GM0363-H_A,79.966944,7.2483330000000015,20.0
Horakele-GM0363-H_B,79.966944,7.2483330000000015,120.0
Horampella_West-GM0596-H_2B,79.971388,7.189166,240.0
Horathepola-KU0353-H_C,79.9728,7.4412,200.0
Hunumulla_North-GM0420-B_C,79.987348,7.268772999999999,220.0
Hunumulla_North-GM0420-H_1C,79.987348,7.268772999999999,220.0
Hunupitiya_LB-GM0405-H_1D,79.901666,6.984444,285.0
Ja_Ela_North-GM0019-B_A,79.878055,7.106111,0.0
Ja_Ela_North-GM0019-B_B,79.878055,7.106111,100.0
Ja_Ela_North-GM0019-B_C,79.878055,7.106111,190.0
Ja_Ela_North-GM0019-H_1B,79.878055,7.106111,90.0
Ja_Ela_North-GM0019-H_2B,79.878055,7.106111,90.0
Ja_Ela_North-GM0019-H_3B,79.878055,7.106111,90.0
Ja_Ela_North-GM0019-H_A,79.878055,7.106111,0.0
Ja_Ela_North-GM0019-H_C,79.878055,7.106111,190.0
Ja_Ela_North-GM0019-P_1B,79.878055,7.106111,90.0
Ja_Ela_North-GM0019-P_2B,79.878055,7.106111,90.0
Ja_Ela_North-GM0019-P_3B,79.878055,7.106111,90.0
Ja_Ela_North-GM0019-P_4B,79.878055,7.106111,90.0
Ja_Ela_Town_East-GM0495-H_1U,79.898055,7.076944,60.0
Ja_Ela_West-GM0072-H_1U,79.878333,7.085555,90.0
Jambureliya-CM0414-L_R,79.927788,6.764495,275.0
Jetwing_Sea_Ind-GM0402-K_A,79.842,7.251,0.0
Kadawala-GM0109-H_1A,79.943055,7.234722,0.0
Kadawala-GM0109-H_1C,79.943055,7.234722,260.0
Kadawala-GM0109-H_2A,79.943055,7.234722,0.0
Kadawala-GM0109-H_B,79.943055,7.234722,90.0
Kadawala-GM0109-P_1A,79.943055,7.234722,0.0
Kadawala-GM0109-P_1B,79.943055,7.234722,90.0
Kadawala-GM0109-P_2A,79.943055,7.234722,0.0
Kadawala-GM0109-P_2B,79.943055,7.234722,90.0
Kaddaiparichchan-TR0148-H_B,81.2911,8.46053,180.0
Kala_Oya-AN0037-B_C,80.11034599999998,8.206717999999999,245.0
Kala_Oya-AN0037-H_1C,80.11034599999998,8.206717999999999,210.0
Kalagedihena-GM0023-L_Q,80.057222,7.117777,200.0
Katana-GM0024-H_1A,79.935277,7.261111,30.0
Katana-GM0024-H_1B,79.935277,7.261111,200.0
Katana-GM0024-H_1C,79.935277,7.261111,340.0
Katana-GM0024-H_2A,79.935277,7.261111,30.0
Katana_Kandawala-GM0080-B_A,79.88444399999999,7.24,0.0
Katana_Kandawala-GM0080-B_B,79.88444399999999,7.24,160.0
Katana_Kandawala-GM0080-B_C,79.88444399999999,7.24,230.0
Katana_Kandawala-GM0080-H_1A,79.88444399999999,7.24,0.0
Katana_Kandawala-GM0080-H_1B,79.88444399999999,7.24,120.0
Katana_Kandawala-GM0080-H_2A,79.88444399999999,7.24,0.0
Katana_Kandawala-GM0080-H_2B,79.88444399999999,7.24,120.0
Katana_Kandawala-GM0080-H_C,79.88444399999999,7.24,240.0
Katana_Miriswatta-GM0424-H_1A,79.906111,7.237222,20.0
Katana_Miriswatta-GM0424-H_1B,79.906111,7.237222,175.0
Katana_Miriswatta-GM0424-H_1C,79.906111,7.237222,255.0
Katana_Miriswatta-GM0424-H_1U,79.906111,7.237222,20.0
Katana_Miriswatta-GM0424-H_1V,79.906111,7.237222,175.0
Katana_Miriswatta-GM0424-H_1W,79.906111,7.237222,255.0
Katana_Miriswatta-GM0424-H_2A,79.906111,7.237222,20.0
Katana_Miriswatta-GM0424-H_2B,79.906111,7.237222,175.0
Katana_Miriswatta-GM0424-H_2C,79.906111,7.237222,255.0
Katana_Miriswatta-GM0424-H_2U,79.906111,7.237222,20.0
Katana_Miriswatta-GM0424-H_2V,79.906111,7.237222,175.0
Katana_Miriswatta-GM0424-H_2W,79.906111,7.237222,255.0
Katana_West-GM0100-H_1A,79.913055,7.251388,330.0
Katana_West-GM0100-H_1C,79.913055,7.251388,250.0
Katana_West-GM0100-H_1V,79.913055,7.251388,120.0
Katana_West-GM0100-H_2A,79.913055,7.251388,330.0
Katana_West-GM0100-H_2V,79.913055,7.251388,120.0
Katana_West-GM0100-H_4C,79.913055,7.251388,250.0
Katana_West-GM0100-H_B,79.913055,7.251388,120.0
Katana_West-GM0100-P_1B,79.913055,7.251388,120.0
Katana_West-GM0100-P_2B,79.913055,7.251388,120.0
Katana_West-GM0100-P_C,79.913055,7.251388,250.0
Katiyala-GM0275-H_1A,79.896666,7.214722,10.0
Katiyala-GM0275-H_1B,79.896666,7.214722,180.0
Katiyala-GM0275-H_1C,79.896666,7.214722,290.0
Katiyala-GM0275-H_2B,79.896666,7.214722,180.0
Katiyala-GM0275-H_2C,79.896666,7.214722,290.0
Katiyala-GM0275-P_1B,79.896666,7.214722,180.0
Katiyala-GM0275-P_2B,79.896666,7.214722,180.0
Kattuwa-GM0025-H_1A,79.854166,7.231388000000001,90.0
Kattuwa-GM0025-H_1B,79.854166,7.231388000000001,230.0
Kattuwa-GM0025-H_1C,79.854166,7.231388000000001,350.0
Kattuwa-GM0025-H_2A,79.854166,7.231388000000001,90.0
Kattuwa-GM0025-H_2B,79.854166,7.231388000000001,230.0
Kattuwa-GM0025-H_2C,79.854166,7.231388000000001,350.0
Kattuwa-GM0025-H_3A,79.854166,7.231388000000001,90.0
Kattuwa-GM0025-H_3B,79.854166,7.231388000000001,230.0
Kattuwa-GM0025-H_3C,79.854166,7.231388000000001,350.0
Kattuwa-GM0025-H_4A,79.854166,7.231388000000001,90.0
Kattuwa-GM0025-H_4B,79.854166,7.231388000000001,230.0
Kattuwa-GM0025-H_4C,79.854166,7.231388000000001,350.0
Kattuwa-GM0025-P_1A,79.854166,7.231388000000001,90.0
Kattuwa-GM0025-P_1B,79.854166,7.231388000000001,230.0
Kattuwa-GM0025-P_1C,79.854166,7.231388000000001,350.0
Kattuwa-GM0025-P_2A,79.854166,7.231388000000001,90.0
Kattuwa-GM0025-P_2B,79.854166,7.231388000000001,230.0
Kattuwa-GM0025-P_2C,79.854166,7.231388000000001,350.0
Kattuwa-GM0025-P_3B,79.854166,7.231388000000001,230.0
Kattuwa-GM0025-P_3C,79.854166,7.231388000000001,350.0
Kattuwa-GM0025-P_4B,79.854166,7.231388000000001,230.0
Kattuwa-GM0025-P_4C,79.854166,7.231388000000001,350.0
Kattuwa_South-GM0295-H_1A,79.845555,7.216944,0.0
Kattuwa_South-GM0295-H_1B,79.845555,7.216944,150.0
Kattuwa_South-GM0295-H_2A,79.845555,7.216944,0.0
Kattuwa_South-GM0295-H_2B,79.845555,7.216944,150.0
Kattuwa_South-GM0295-H_C,79.845555,7.216944,250.0
Katuwapitiya_Junction-GM0735-H_1C,79.849648,7.209357000000002,270.0
Katuwapitiya_Junction-GM0735-H_1D,79.849648,7.209357000000002,320.0
Katuwapitiya_Junction-GM0735-H_2C,79.849648,7.209357000000002,270.0
Katuwapitiya_Junction-GM0735-H_2D,79.849648,7.209357000000002,320.0
Katuwapitiya_Junction-GM0735-H_A,79.849648,7.209357000000002,90.0
Katuwapitiya_Junction-GM0735-H_B,79.849648,7.209357000000002,170.0
Katuwapitiya_Junction-GM0735-P_1D,79.849648,7.209357000000002,320.0
Katuwapitiya_Junction-GM0735-P_2D,79.849648,7.209357000000002,320.0
Katuwellegama-GM0075-H_1A,79.935277,7.209722,0.0
Katuwellegama-GM0075-H_1B,79.935277,7.209722,120.0
Katuwellegama-GM0075-H_1C,79.935277,7.209722,290.0
Kehelbaddara-GM0026-H_C,79.968333,7.1202770000000015,260.0
Kelaniya_North-GM0104-H_2B,79.917222,6.9725,100.0
Kimbulapitiya-GM0634-B_A,79.880555,7.205,0.0
Kimbulapitiya-GM0634-B_C,79.880555,7.205,160.0
Kimbulapitiya-GM0634-H_1A,79.880555,7.205,320.0
Kimbulapitiya-GM0634-H_2A,79.880555,7.205,320.0
Kimbulapitiya-GM0634-H_3A,79.880555,7.205,320.0
Kimbulapitiya-GM0634-H_4A,79.880555,7.205,320.0
Kimbulapitiya-GM0634-H_B,79.880555,7.205,90.0
Kimbulapitiya-GM0634-H_C,79.880555,7.205,160.0
Kimbulapitiya-GM0634-H_D,79.880555,7.205,240.0
Kimbulapitiya_East-GM0668-H_1B,79.922777,7.202777,190.0
Kimbulapitiya_East-GM0668-H_1C,79.922777,7.202777,300.0
Kimbulapitiya_East-GM0668-H_A,79.922777,7.202777,80.0
Kimbulapitiya_East-GM0668-H_W,79.922777,7.202777,300.0
Kimbulgoda-GM0232-H_2D,80.031388,7.070833,230.0
Kirankulam-BA0053-H_A,81.769416,7.606159,200.0
Kochchikade-GM0030-B_A,79.8575,7.265833,60.0
Kochchikade-GM0030-B_B,79.8575,7.265833,260.0
Kochchikade-GM0030-B_C,79.8575,7.265833,320.0
Kochchikade-GM0030-H_1A,79.8575,7.265833,60.0
Kochchikade-GM0030-H_1B,79.8575,7.265833,260.0
Kochchikade-GM0030-H_1C,79.8575,7.265833,345.0
Kochchikade-GM0030-H_2A,79.8575,7.265833,60.0
Kochchikade-GM0030-H_2B,79.8575,7.265833,260.0
Kochchikade-GM0030-H_2C,79.8575,7.265833,345.0
Kochchikade-GM0030-H_3A,79.8575,7.265833,60.0
Kochchikade-GM0030-H_3B,79.8575,7.265833,260.0
Kochchikade-GM0030-H_3C,79.8575,7.265833,345.0
Kochchikade-GM0030-H_4A,79.8575,7.265833,60.0
Kochchikade-GM0030-H_4B,79.8575,7.265833,260.0
Kochchikade-GM0030-H_4C,79.8575,7.265833,345.0
Kochchikade-GM0030-P_1A,79.8575,7.265833,60.0
Kochchikade-GM0030-P_2A,79.8575,7.265833,60.0
Kochchikade_South-GM0375-H_1A,79.850277,7.249444,45.0
Kochchikade_South-GM0375-H_1B,79.850277,7.249444,130.0
Kochchikade_South-GM0375-H_1C,79.850277,7.249444,280.0
Kochchikade_South-GM0375-H_2B,79.850277,7.249444,130.0
Kochchikade_South-GM0375-H_2C,79.850277,7.249444,280.0
Kochchikade_South-GM0375-P_1A,79.850277,7.249444,45.0
Kochchikade_South-GM0375-P_2A,79.850277,7.249444,45.0
Koholwila-GM0204-H_1A,79.920325,6.968135,350.0
Koholwila-GM0204-H_2C,79.920325,6.968135,240.0
Koppara_Junc-GM0768-H_A,79.847386,7.214587,90.0
Koppara_Junc-GM0768-H_B,79.847386,7.214587,180.0
Koppara_Junc-GM0768-H_C,79.847386,7.214587,230.0
Koppara_Junc-GM0768-H_D,79.847386,7.214587,320.0
Kotugoda-GM0147-H_1A,79.927777,7.123055,15.0
Kotugoda-GM0147-H_1B,79.927777,7.123055,110.0
Kotugoda-GM0147-H_1C,79.927777,7.123055,240.0
Kotugoda-GM0147-H_1U,79.927777,7.123055,15.0
Kotugoda-GM0147-H_1V,79.927777,7.123055,110.0
Kotugoda-GM0147-H_2A,79.927777,7.123055,15.0
Kotugoda-GM0147-H_2B,79.927777,7.123055,110.0
Kotugoda-GM0147-H_2C,79.927777,7.123055,240.0
Kotugoda-GM0147-H_2U,79.927777,7.123055,15.0
Kotugoda-GM0147-H_2V,79.927777,7.123055,110.0
Kotugoda-GM0147-P_1A,79.927777,7.123055,10.0
Kotugoda-GM0147-P_1B,79.927777,7.123055,100.0
Kotugoda-GM0147-P_1C,79.927777,7.123055,240.0
Kotugoda-GM0147-P_2A,79.927777,7.123055,10.0
Kotugoda-GM0147-P_2B,79.927777,7.123055,100.0
Kotugoda-GM0147-P_2C,79.927777,7.123055,240.0
Kotugoda_East-GM0612-H_1A,79.943611,7.136111,30.0
Kotugoda_East-GM0612-H_1C,79.943611,7.136111,300.0
Kotugoda_East-GM0612-H_2A,79.943611,7.136111,30.0
Kotugoda_East-GM0612-H_2B,79.943611,7.136111,180.0
Kotugoda_East-GM0612-H_2C,79.943611,7.136111,300.0
Kotugoda_East-GM0612-P_C,79.943611,7.136111,300.0
Kurana-GM0031-B_A,79.860833,7.187222,70.0
Kurana-GM0031-B_B,79.860833,7.187222,160.0
Kurana-GM0031-B_C,79.860833,7.187222,320.0
Kurana-GM0031-H_1B,79.860833,7.187222,80.0
Kurana-GM0031-H_1C,79.860833,7.187222,160.0
Kurana-GM0031-H_1D,79.860833,7.187222,270.0
Kurana-GM0031-H_2B,79.860833,7.187222,80.0
Kurana-GM0031-H_2C,79.860833,7.187222,160.0
Kurana-GM0031-H_2D,79.860833,7.187222,270.0
Kurana-GM0031-H_3B,79.860833,7.187222,80.0
Kurana-GM0031-H_3C,79.860833,7.187222,160.0
Kurana-GM0031-H_3D,79.860833,7.187222,270.0
Kurana-GM0031-H_4B,79.860833,7.187222,80.0
Kurana-GM0031-H_4C,79.860833,7.187222,160.0
Kurana-GM0031-H_4D,79.860833,7.187222,270.0
Kurana-GM0031-H_A,79.860833,7.187222,330.0
Kurana-GM0031-P_1B,79.860833,7.187222,80.0
Kurana-GM0031-P_1C,79.860833,7.187222,160.0
Kurana-GM0031-P_1D,79.860833,7.187222,270.0
Kurana-GM0031-P_2B,79.860833,7.187222,80.0
Kurana-GM0031-P_2C,79.860833,7.187222,160.0
Kurana-GM0031-P_2D,79.860833,7.187222,270.0
Kurana-GM0031-P_3B,79.860833,7.187222,80.0
Kurana-GM0031-P_3C,79.860833,7.187222,160.0
Kurana-GM0031-P_3D,79.860833,7.187222,270.0
Kurana-GM0031-P_4B,79.860833,7.187222,80.0
Kurana-GM0031-P_4C,79.860833,7.187222,160.0
Kurana-GM0031-P_4D,79.860833,7.187222,270.0
Kuswala-GM0140-B_A,79.895,7.151388000000002,0.0
Kuswala-GM0140-B_B,79.895,7.151388000000002,150.0
Kuswala-GM0140-B_C,79.895,7.151388000000002,210.0
Kuswala-GM0140-H_1A,79.895,7.151388000000002,0.0
Kuswala-GM0140-H_1B,79.895,7.151388000000002,150.0
Kuswala-GM0140-H_1C,79.895,7.151388000000002,210.0
Kuswala-GM0140-H_2A,79.895,7.151388000000002,0.0
Kuswala-GM0140-P_C,79.895,7.151388000000002,220.0
Liyanagemulla-GM0501-B_A,79.874575,7.149164999999999,0.0
Liyanagemulla-GM0501-B_B,79.874575,7.149164999999999,110.0
Liyanagemulla-GM0501-B_C,79.874575,7.149164999999999,230.0
Liyanagemulla-GM0501-H_1A,79.874575,7.149164999999999,0.0
Liyanagemulla-GM0501-H_1B,79.874575,7.149164999999999,110.0
Liyanagemulla-GM0501-H_2A,79.874575,7.149164999999999,0.0
Liyanagemulla-GM0501-H_C,79.874575,7.149164999999999,230.0
Liyanagemulla-GM0501-H_W,79.874575,7.149164999999999,230.0
Liyanagemulla-GM0501-P_A,79.874575,7.149164999999999,0.0
Liyanagemulla-GM0501-P_B,79.874575,7.149164999999999,110.0
Liyanagemulla_East-GM0689-B_A,79.878888,7.149166,60.0
Liyanagemulla_East-GM0689-B_B,79.878888,7.149166,180.0
Liyanagemulla_East-GM0689-B_C,79.878888,7.149166,330.0
Liyanagemulla_East-GM0689-H_1A,79.878888,7.149166,60.0
Liyanagemulla_East-GM0689-H_1B,79.878888,7.149166,180.0
Liyanagemulla_East-GM0689-H_1C,79.878888,7.149166,330.0
Liyanagemulla_East-GM0689-H_2A,79.878888,7.149166,60.0
Liyanagemulla_East-GM0689-H_2B,79.878888,7.149166,180.0
Liyanagemulla_East-GM0689-H_2C,79.878888,7.149166,330.0
Liyanagemulla_East-GM0689-H_3A,79.878888,7.149166,60.0
Liyanagemulla_East-GM0689-H_3C,79.878888,7.149166,330.0
Liyanagemulla_East-GM0689-H_4A,79.878888,7.149166,60.0
Liyanagemulla_East-GM0689-H_4C,79.878888,7.149166,330.0
Liyanagemulla_East-GM0689-P_1A,79.878888,7.149166,60.0
Liyanagemulla_East-GM0689-P_1C,79.878888,7.149166,330.0
Liyanagemulla_East-GM0689-P_2A,79.878888,7.149166,60.0
Liyanagemulla_East-GM0689-P_2C,79.878888,7.149166,330.0
Liyanagemulla_East-GM0689-P_3A,79.878888,7.149166,60.0
Liyanagemulla_East-GM0689-P_3C,79.878888,7.149166,330.0
Liyanagemulla_East-GM0689-P_4A,79.878888,7.149166,60.0
Liyanagemulla_East-GM0689-P_4C,79.878888,7.149166,330.0
Liyanagemulla_North-GM0647-H_A,79.875555,7.1563880000000015,20.0
Liyanagemulla_North-GM0647-H_B,79.875555,7.1563880000000015,120.0
Liyanagemulla_North-GM0647-H_C,79.875555,7.1563880000000015,230.0
MAS_Active_Katun_Ind-GM0201-K_A,79.882901,7.163842999999999,0.0
Madampella-GM0431-H_1C,79.952449,7.267339999999999,260.0
Madampella-GM0431-H_2C,79.952449,7.267339999999999,260.0
Madelgamuwa-GM0285-H_1A,79.823611,7.173333,0.0
Madelgamuwa-GM0285-H_1B,79.823611,7.173333,140.0
Madelgamuwa-GM0285-H_1C,79.823611,7.173333,260.0
Madelgamuwa-GM0285-H_2B,79.823611,7.173333,140.0
Madelgamuwa-GM0285-H_2C,79.823611,7.173333,260.0
Madelgamuwa-GM0285-H_2W,79.823611,7.173333,260.0
Main_St_North-CM1039-H_C,79.852953,6.938471000000002,290.0
Makewita-GM0133-H_1C,79.94,7.104722,260.0
Makewita-GM0133-H_2C,79.94,7.104722,260.0
Makewita-GM0133-H_A,79.94,7.104722,10.0
Makewita-GM0133-H_B,79.94,7.104722,130.0
Mathammana-GM0261-H_1A,79.96333299999998,7.15,20.0
Mathammana-GM0261-H_1C,79.96333299999998,7.15,300.0
Mathammana-GM0261-H_2B,79.96333299999998,7.15,140.0
Meewella-CM0154-H_B,79.858582,6.883989,170.0
Metikotuwa-PU0121-H_1A,79.895555,7.285277000000002,70.0
Metikotuwa-PU0121-H_1B,79.895555,7.285277000000002,90.0
Metikotuwa-PU0121-H_2A,79.895555,7.285277000000002,70.0
Millenium_City_Ekala-GM0745-B_A,79.9083,7.1199,80.0
Millenium_City_Ekala-GM0745-B_B,79.9083,7.1199,90.0
Millenium_City_Ekala-GM0745-B_C,79.9083,7.1199,230.0
Millenium_City_Ekala-GM0745-B_D,79.9083,7.1199,320.0
Millenium_City_Ekala-GM0745-H_1A,79.9083,7.1199,80.0
Millenium_City_Ekala-GM0745-H_1D,79.9083,7.1199,320.0
Millenium_City_Ekala-GM0745-H_1U,79.9083,7.1199,80.0
Millenium_City_Ekala-GM0745-H_2A,79.9083,7.1199,80.0
Millenium_City_Ekala-GM0745-H_2U,79.9083,7.1199,80.0
Millenium_City_Ekala-GM0745-H_B,79.9083,7.1199,90.0
Millenium_City_Ekala-GM0745-H_C,79.9083,7.1199,230.0
Minuwangoda-GM0035-H_1C,79.956666,7.173611,280.0
Minuwangoda-GM0035-H_2B,79.956666,7.173611,180.0
Minuwangoda-GM0035-H_2C,79.956666,7.173611,280.0
Minuwangoda-GM0035-H_4A,79.956666,7.173611,50.0
Minuwangoda-GM0035-P_B,79.956666,7.173611,90.0
Minuwangoda_North-GM0224-H_1A,79.94194399999998,7.187222,100.0
Minuwangoda_North-GM0224-H_1B,79.94194399999998,7.187222,240.0
Minuwangoda_North-GM0224-H_1C,79.94194399999998,7.187222,0.0
Minuwangoda_North-GM0224-H_2C,79.94194399999998,7.187222,0.0
Minuwangoda_North-GM0224-H_V,79.94194399999998,7.187222,240.0
Minuwangoda_North-GM0224-P_1A,79.94194399999998,7.187222,40.0
Minuwangoda_North-GM0224-P_1C,79.94194399999998,7.187222,0.0
Minuwangoda_North-GM0224-P_2B,79.94194399999998,7.187222,480.0
Minuwangoda_South-GM0085-H_1A,79.934166,7.145277,340.0
Minuwangoda_South-GM0085-H_1B,79.934166,7.145277,120.0
Minuwangoda_South-GM0085-H_1C,79.934166,7.145277,205.0
Minuwangoda_South-GM0085-H_1U,79.934166,7.145277,340.0
Minuwangoda_South-GM0085-H_2A,79.934166,7.145277,340.0
Minuwangoda_South-GM0085-H_2B,79.934166,7.145277,120.0
Minuwangoda_South-GM0085-H_2C,79.934166,7.145277,205.0
Minuwangoda_South-GM0085-H_2U,79.934166,7.145277,340.0
Minuwangoda_Town-GM0148-H_1A,79.94805500000002,7.1725,30.0
Minuwangoda_Town-GM0148-H_1B,79.94805500000002,7.1725,150.0
Minuwangoda_Town-GM0148-H_1C,79.94805500000002,7.1725,250.0
Minuwangoda_Town-GM0148-H_1W,79.94805500000002,7.1725,250.0
Minuwangoda_Town-GM0148-H_2B,79.94805500000002,7.1725,150.0
Minuwangoda_Town-GM0148-H_2C,79.94805500000002,7.1725,250.0
Minuwangoda_Town-GM0148-H_3B,79.94805500000002,7.1725,150.0
Minuwangoda_Town-GM0148-H_4B,79.94805500000002,7.1725,150.0
Modara_St-CM0464-H_2C,79.8711,6.97035,220.0
Modara_St-CM0464-P_2C,79.8711,6.97035,220.0
Munnakarai_North_Lamp-GM5017-H_A,79.83393199999998,7.203175,0.0
Munnakarai_North_Lamp-GM5017-H_B,79.83393199999998,7.203175,180.0
Munnakarai_North_Lamp-GM5017-H_C,79.83393199999998,7.203175,275.0
Munnakarai_South_Lamp-GM5018-H_A,79.8336118,7.1941125,180.0
Munnakarai_South_Lamp-GM5018-H_B,79.8336118,7.1941125,0.0
Munnakkarai-GM0586-B_B,79.833403,7.198628,180.0
Munnakkarai-GM0586-B_C,79.833403,7.198628,280.0
Munnakkarai-GM0586-H_A,79.833403,7.198628,0.0
Munnakkarai-GM0586-H_B,79.833403,7.198628,180.0
Munnakkarai-GM0586-H_C,79.833403,7.198628,280.0
Muthur_East-TR0099-H_B,81.29826899999998,8.462883,220.0
Nainamadama_Beach-PU0060-H_1C,79.838611,7.315277,170.0
Nawaloka_Ind_2-CM0709-K_B,79.853349,6.92093999999999,320.0
Negombo-GM0037-H_1A,79.854166,7.211111,10.0
Negombo-GM0037-H_1B,79.854166,7.211111,130.0
Negombo-GM0037-H_1C,79.854166,7.211111,270.0
Negombo-GM0037-H_2A,79.854166,7.211111,10.0
Negombo-GM0037-H_2B,79.854166,7.211111,130.0
Negombo-GM0037-H_2C,79.854166,7.211111,270.0
Negombo-GM0037-H_3A,79.854166,7.211111,10.0
Negombo-GM0037-H_3B,79.854166,7.211111,130.0
Negombo-GM0037-H_3C,79.854166,7.211111,270.0
Negombo-GM0037-H_4A,79.854166,7.211111,10.0
Negombo-GM0037-H_4B,79.854166,7.211111,130.0
Negombo-GM0037-H_4C,79.854166,7.211111,270.0
Negombo-GM0037-P_1A,79.854166,7.211111,10.0
Negombo-GM0037-P_1B,79.854166,7.211111,130.0
Negombo-GM0037-P_2A,79.854166,7.211111,10.0
Negombo-GM0037-P_2B,79.854166,7.211111,130.0
Negombo-GM0037-P_3A,79.854166,7.211111,10.0
Negombo-GM0037-P_3B,79.854166,7.211111,130.0
Negombo-GM0037-P_4A,79.854166,7.211111,10.0
Negombo-GM0037-P_4B,79.854166,7.211111,130.0
Negombo_Baseline_Rd_Lamp-GM5016-H_A,79.85633100000003,7.2386339999999985,40.0
Negombo_Baseline_Rd_Lamp-GM5016-H_B,79.85633100000003,7.2386339999999985,110.0
Negombo_Baseline_Rd_Lamp-GM5016-H_C,79.85633100000003,7.2386339999999985,240.0
Negombo_Beach-GM0086-B_A,79.841944,7.241111,18.0
Negombo_Beach-GM0086-B_B,79.841944,7.241111,108.0
Negombo_Beach-GM0086-B_C,79.841944,7.241111,181.0
Negombo_Beach-GM0086-H_1A,79.841944,7.241111,15.0
Negombo_Beach-GM0086-H_1B,79.841944,7.241111,120.0
Negombo_Beach-GM0086-H_1C,79.841944,7.241111,161.0
Negombo_Beach-GM0086-H_1U,79.841944,7.241111,15.0
Negombo_Beach-GM0086-H_2A,79.841944,7.241111,15.0
Negombo_Beach-GM0086-H_2B,79.841944,7.241111,120.0
Negombo_Beach-GM0086-H_2C,79.841944,7.241111,161.0
Negombo_Beach-GM0086-H_2U,79.841944,7.241111,15.0
Negombo_Beach-GM0086-H_3B,79.841944,7.241111,120.0
Negombo_Beach-GM0086-H_3C,79.841944,7.241111,161.0
Negombo_Beach-GM0086-H_4B,79.841944,7.241111,120.0
Negombo_Beach-GM0086-H_4C,79.841944,7.241111,161.0
Negombo_Beach-GM0086-P_1B,79.841944,7.241111,120.0
Negombo_Beach-GM0086-P_2B,79.841944,7.241111,120.0
Negombo_Beach-GM0086-P_3B,79.841944,7.241111,120.0
Negombo_Beach-GM0086-P_4B,79.841944,7.241111,120.0
Negombo_Beach_North-GM0443-B_A,79.845277,7.255277,60.0
Negombo_Beach_North-GM0443-B_B,79.845277,7.255277,200.0
Negombo_Beach_North-GM0443-H_1A,79.845277,7.255277,60.0
Negombo_Beach_North-GM0443-H_1B,79.845277,7.255277,200.0
Negombo_Beach_North-GM0443-H_1C,79.845277,7.255277,330.0
Negombo_Beach_North-GM0443-H_2A,79.845277,7.255277,60.0
Negombo_Beach_North-GM0443-H_2B,79.845277,7.255277,200.0
Negombo_Beach_North-GM0443-H_2C,79.845277,7.255277,330.0
Negombo_Beach_North-GM0443-P_A,79.845277,7.255277,60.0
Negombo_Beach_North-GM0443-P_C,79.845277,7.255277,330.0
Negombo_Beach_Rd_Lamp-GM5000-H_A,79.84007700000002,7.223909,50.0
Negombo_Beach_Rd_Lamp-GM5000-H_B,79.84007700000002,7.223909,120.0
Negombo_Beach_Rd_Lamp-GM5000-H_C,79.84007700000002,7.223909,180.0
Negombo_Chilaw_Road-GM0472-H_A,79.842301,7.216638,10.0
Negombo_Chilaw_Road-GM0472-H_B,79.842301,7.216638,120.0
Negombo_Chilaw_Road-GM0472-H_C,79.842301,7.216638,220.0
Negombo_Deen_Junc-GM0865-B_A,79.853592,7.217173,65.0
Negombo_Deen_Junc-GM0865-B_B,79.853592,7.217173,155.0
Negombo_Deen_Junc-GM0865-B_C,79.853592,7.217173,245.0
Negombo_Deen_Junc-GM0865-H_A,79.853592,7.217173,65.0
Negombo_Deen_Junc-GM0865-H_B,79.853592,7.217173,155.0
Negombo_Deen_Junc-GM0865-H_C,79.853592,7.217173,245.0
Negombo_Deen_Junc-GM0865-H_D,79.853592,7.217173,340.0
Negombo_Deen_Junc-GM0865-H_X,79.853592,7.217173,340.0
Negombo_Green_Rd-GM0122-H_1A,79.839444,7.210277,20.0
Negombo_Green_Rd-GM0122-H_1B,79.839444,7.210277,120.0
Negombo_Green_Rd-GM0122-H_1C,79.839444,7.210277,300.0
Negombo_Green_Rd-GM0122-H_2A,79.839444,7.210277,20.0
Negombo_Green_Rd-GM0122-H_2B,79.839444,7.210277,120.0
Negombo_Green_Rd-GM0122-H_2C,79.839444,7.210277,300.0
Negombo_Joseph_St-GM0739-B_A,79.84609,7.2065100000000015,10.0
Negombo_Joseph_St-GM0739-B_B,79.84609,7.2065100000000015,130.0
Negombo_Joseph_St-GM0739-B_C,79.84609,7.2065100000000015,250.0
Negombo_Joseph_St-GM0739-H_A,79.84609,7.2065100000000015,10.0
Negombo_Joseph_St-GM0739-H_B,79.84609,7.2065100000000015,130.0
Negombo_Joseph_St-GM0739-H_C,79.84609,7.2065100000000015,250.0
Negombo_Main_St_Reloc-GM0925-B_A,79.834727,7.209438,0.0
Negombo_Main_St_Reloc-GM0925-B_B,79.834727,7.209438,90.0
Negombo_Main_St_Reloc-GM0925-B_C,79.834727,7.209438,180.0
Negombo_Main_St_Reloc-GM0925-H_A,79.834727,7.209438,0.0
Negombo_Main_St_Reloc-GM0925-H_B,79.834727,7.209438,90.0
Negombo_Main_St_Reloc-GM0925-H_C,79.834727,7.209438,180.0
Negombo_Main_St_Reloc-GM0925-H_D,79.834727,7.209438,270.0
Negombo_Mark_Rd_Lamp-GM5014-H_A,79.848113,7.230308,180.0
Negombo_Mark_Rd_Lamp-GM5014-H_B,79.848113,7.230308,0.0
Negombo_Mark_Rd_Lamp-GM5014-H_C,79.848113,7.230308,90.0
Negombo_North_Reloc-GM0924-B_A,79.842623,7.227239,40.0
Negombo_North_Reloc-GM0924-B_B,79.842623,7.227239,150.0
Negombo_North_Reloc-GM0924-B_C,79.842623,7.227239,230.0
Negombo_North_Reloc-GM0924-B_D,79.842623,7.227239,330.0
Negombo_North_Reloc-GM0924-H_A,79.842623,7.227239,40.0
Negombo_North_Reloc-GM0924-H_B,79.842623,7.227239,150.0
Negombo_North_Reloc-GM0924-H_C,79.842623,7.227239,230.0
Negombo_North_Reloc-GM0924-H_D,79.842623,7.227239,330.0
Negombo_North_Reloc-GM0924-H_U,79.842623,7.227239,40.0
Negombo_North_Reloc-GM0924-H_V,79.842623,7.227239,150.0
Negombo_North_Reloc-GM0924-H_W,79.842623,7.227239,230.0
Negombo_North_Reloc-GM0924-H_X,79.842623,7.227239,330.0
Negombo_Pitipana-GM0216-B_B,79.820555,7.198333,80.0
Negombo_Pitipana-GM0216-B_C,79.820555,7.198333,180.0
Negombo_Pitipana-GM0216-H_1A,79.820555,7.198333,350.0
Negombo_Pitipana-GM0216-H_1B,79.820555,7.198333,80.0
Negombo_Pitipana-GM0216-H_1C,79.820555,7.198333,180.0
Negombo_Pitipana-GM0216-H_2A,79.820555,7.198333,350.0
Negombo_Pitipana-GM0216-H_2B,79.820555,7.198333,80.0
Negombo_Pitipana-GM0216-H_2C,79.820555,7.198333,180.0
Negombo_Pitipana-GM0216-P_1B,79.820555,7.198333,80.0
Negombo_Pitipana-GM0216-P_1C,79.820555,7.198333,180.0
Negombo_Pitipana-GM0216-P_2B,79.820555,7.198333,80.0
Negombo_Pitipana-GM0216-P_2C,79.820555,7.198333,180.0
Negombo_Porathota_Lamp-GM5011-H_A,79.842461,7.255114,0.0
Negombo_Porathota_Lamp-GM5011-H_B,79.842461,7.255114,70.0
Negombo_Porathota_Lamp-GM5011-H_C,79.842461,7.255114,180.0
Negombo_Ranwala_Rd-GM0808-H_A,79.84462099999998,7.23287,40.0
Negombo_Ranwala_Rd-GM0808-H_B,79.84462099999998,7.23287,150.0
Negombo_Ranwala_Rd-GM0808-H_C,79.84462099999998,7.23287,225.0
Negombo_Ranwala_Rd-GM0808-H_D,79.84462099999998,7.23287,320.0
Negombo_Ranwala_Rd-GM0808-H_V,79.84462099999998,7.23287,150.0
Negombo_Ranwala_Rd-GM0808-H_W,79.84462099999998,7.23287,225.0
Negombo_Ranwala_Rd-GM0808-H_X,79.84462099999998,7.23287,320.0
Negombo_SLT-GM0038-B_A,79.841944,7.205833,40.0
Negombo_SLT-GM0038-B_B,79.841944,7.205833,140.0
Negombo_SLT-GM0038-B_C,79.841944,7.205833,240.0
Negombo_SLT-GM0038-H_1A,79.841944,7.205833,40.0
Negombo_SLT-GM0038-H_1B,79.841944,7.205833,140.0
Negombo_SLT-GM0038-H_1C,79.841944,7.205833,240.0
Negombo_SLT-GM0038-H_2A,79.841944,7.205833,40.0
Negombo_SLT-GM0038-H_2B,79.841944,7.205833,140.0
Negombo_SLT-GM0038-H_2C,79.841944,7.205833,240.0
Negombo_SLT-GM0038-P_1B,79.841944,7.205833,140.0
Negombo_SLT-GM0038-P_2B,79.841944,7.205833,140.0
Negombo_SLT-GM0038-P_A,79.841944,7.205833,40.0
Negombo_SLT-GM0038-P_C,79.841944,7.205833,240.0
Negombo_Sea_St-GM0471-H_1A,79.839444,7.215833,10.0
Negombo_Sea_St-GM0471-H_1C,79.839444,7.215833,240.0
Negombo_Sea_St-GM0471-H_1U,79.839444,7.215833,10.0
Negombo_Sea_St-GM0471-H_2A,79.839444,7.215833,10.0
Negombo_Sea_St-GM0471-H_2C,79.839444,7.215833,240.0
Negombo_Sea_St-GM0471-H_2U,79.839444,7.215833,10.0
Negombo_Sea_St-GM0471-H_B,79.839444,7.215833,120.0
Negombo_Sea_St-GM0471-P_1A,79.839444,7.215833,10.0
Negombo_Sea_St-GM0471-P_1C,79.839444,7.215833,240.0
Negombo_Sea_St-GM0471-P_2A,79.839444,7.215833,10.0
Negombo_Sea_St-GM0471-P_2C,79.839444,7.215833,240.0
Negombo_Telwatta_Junc-GM0862-H_A,79.850801,7.205519000000002,0.0
Negombo_Telwatta_Junc-GM0862-H_B,79.850801,7.205519000000002,100.0
Negombo_Telwatta_Junc-GM0862-H_C,79.850801,7.205519000000002,155.0
Negombo_Telwatta_Junc-GM0862-H_D,79.850801,7.205519000000002,270.0
Negombo_Thalahena-GM0669-B_A,79.831944,7.149722,165.0
Negombo_Thalahena-GM0669-B_B,79.831944,7.149722,315.0
Negombo_Thalahena-GM0669-H_A,79.831944,7.149722,165.0
Negombo_Thalahena-GM0669-H_B,79.831944,7.149722,315.0
Negombo_Town-GM0376-H_1A,79.84222199999998,7.211944,90.0
Negombo_Town-GM0376-H_2A,79.84222199999998,7.211944,90.0
Negombo_Town-GM0376-H_B,79.84222199999998,7.211944,200.0
Negombo_Town-GM0376-H_C,79.84222199999998,7.211944,350.0
Negombo_West-GM0105-B_A,79.8525,7.201666,45.0
Negombo_West-GM0105-B_B,79.8525,7.201666,120.0
Negombo_West-GM0105-B_C,79.8525,7.201666,230.0
Negombo_West-GM0105-B_D,79.8525,7.201666,270.0
Negombo_West-GM0105-H_1A,79.8525,7.201666,45.0
Negombo_West-GM0105-H_1B,79.8525,7.201666,120.0
Negombo_West-GM0105-H_1C,79.8525,7.201666,270.0
Negombo_West-GM0105-H_2A,79.8525,7.201666,45.0
Negombo_West-GM0105-H_2B,79.8525,7.201666,120.0
Negombo_West-GM0105-H_2C,79.8525,7.201666,270.0
Negombo_West-GM0105-H_3B,79.8525,7.201666,120.0
Negombo_West-GM0105-H_4B,79.8525,7.201666,120.0
Negombo_West-GM0105-P_1B,79.8525,7.201666,120.0
Negombo_West-GM0105-P_2B,79.8525,7.201666,120.0
Negombo_West-GM0105-P_3B,79.8525,7.201666,120.0
Negombo_West-GM0105-P_4B,79.8525,7.201666,120.0
Nilpanagoda-GM0193-H_1A,79.957222,7.193333,340.0
Nilpanagoda-GM0193-H_1C,79.957222,7.193333,220.0
Nilpanagoda-GM0193-H_2A,79.957222,7.193333,340.0
Nilpanagoda-GM0193-H_2B,79.957222,7.193333,110.0
Nilpanagoda-GM0193-H_2C,79.957222,7.193333,220.0
Niwandama-GM0088-H_1A,79.931666,7.086666,20.0
Niwandama-GM0088-H_2C,79.931666,7.086666,280.0
Niwasipura-GM0329-B_A,79.90472199999998,7.122222,40.0
Niwasipura-GM0329-B_B,79.90472199999998,7.122222,100.0
Niwasipura-GM0329-B_C,79.90472199999998,7.122222,230.0
Niwasipura-GM0329-H_1A,79.90472199999998,7.122222,40.0
Niwasipura-GM0329-H_1U,79.90472199999998,7.122222,40.0
Niwasipura-GM0329-H_2A,79.90472199999998,7.122222,40.0
Niwasipura-GM0329-H_2U,79.90472199999998,7.122222,40.0
Niwasipura-GM0329-H_B,79.90472199999998,7.122222,100.0
Niwasipura-GM0329-H_C,79.90472199999998,7.122222,230.0
Niwasipura-GM0329-P_1B,79.90472199999998,7.122222,100.0
Niwasipura-GM0329-P_2B,79.90472199999998,7.122222,100.0
Nugagahahandiya-GM0137-B_A,79.86277700000002,7.223333,10.0
Nugagahahandiya-GM0137-B_B,79.86277700000002,7.223333,80.0
Nugagahahandiya-GM0137-B_C,79.86277700000002,7.223333,240.0
Nugagahahandiya-GM0137-H_1A,79.86277700000002,7.223333,10.0
Nugagahahandiya-GM0137-H_1B,79.86277700000002,7.223333,80.0
Nugagahahandiya-GM0137-H_1C,79.86277700000002,7.223333,240.0
Nugagahahandiya-GM0137-H_2A,79.86277700000002,7.223333,10.0
Nugagahahandiya-GM0137-H_2B,79.86277700000002,7.223333,80.0
Nugagahahandiya-GM0137-H_2C,79.86277700000002,7.223333,240.0
Nugagahahandiya-GM0137-H_2U,79.86277700000002,7.223333,10.0
Nugagahahandiya-GM0137-H_2W,79.86277700000002,7.223333,240.0
Nugagahahandiya-GM0137-P_1A,79.86277700000002,7.223333,10.0
Nugagahahandiya-GM0137-P_1B,79.86277700000002,7.223333,80.0
Nugagahahandiya-GM0137-P_1C,79.86277700000002,7.223333,240.0
Nugagahahandiya-GM0137-P_2A,79.86277700000002,7.223333,10.0
Nugagahahandiya-GM0137-P_2B,79.86277700000002,7.223333,80.0
Nugagahahandiya-GM0137-P_2C,79.86277700000002,7.223333,240.0
Nugagahahandiya_North-GM0512-B_A,79.87777700000002,7.235277000000001,0.0
Nugagahahandiya_North-GM0512-B_B,79.87777700000002,7.235277000000001,160.0
Nugagahahandiya_North-GM0512-B_C,79.87777700000002,7.235277000000001,240.0
Nugagahahandiya_North-GM0512-H_1B,79.87777700000002,7.235277000000001,160.0
Nugagahahandiya_North-GM0512-H_1C,79.87777700000002,7.235277000000001,240.0
Nugagahahandiya_North-GM0512-H_2B,79.87777700000002,7.235277000000001,160.0
Nugagahahandiya_North-GM0512-H_2C,79.87777700000002,7.235277000000001,240.0
Nugagahahandiya_North-GM0512-H_A,79.87777700000002,7.235277000000001,0.0
Nugagahahandiya_North-GM0512-P_B,79.87777700000002,7.235277000000001,160.0
Oddamawadi-BA0007-H_1A,81.522675,7.914294,30.0
Padiyathalawa_DTL-AM0013-B_A,81.242522,7.403017,30.0
Padiyathalawa_DTL-AM0013-H_C,81.242522,7.403017,240.0
Pallansena-GM0412-B_A,79.843611,7.264722,60.0
Pallansena-GM0412-B_B,79.843611,7.264722,120.0
Pallansena-GM0412-H_1A,79.843611,7.264722,60.0
Pallansena-GM0412-H_1B,79.843611,7.264722,140.0
Pallansena-GM0412-H_2A,79.843611,7.264722,60.0
Pallansena-GM0412-H_2B,79.843611,7.264722,140.0
Pallansena-GM0412-H_2C,79.843611,7.264722,210.0
Pallansena-GM0412-H_3A,79.843611,7.264722,120.0
Pallansena-GM0412-H_3B,79.843611,7.264722,140.0
Pallansena-GM0412-H_4A,79.843611,7.264722,60.0
Pallansena-GM0412-H_4B,79.843611,7.264722,140.0
Pamunugama-GM0089-B_B,79.845833,7.109444,180.0
Pamunugama-GM0089-B_C,79.845833,7.109444,330.0
Pamunugama-GM0089-H_1A,79.845833,7.109444,160.0
Pamunugama-GM0089-H_1B,79.845833,7.109444,330.0
Pamunugama-GM0089-H_2A,79.845833,7.109444,160.0
Pamunugama-GM0089-H_2B,79.845833,7.109444,330.0
Pamunugama_North-GM0514-B_A,79.838526,7.127138,340.0
Pamunugama_North-GM0514-B_B,79.838526,7.127138,160.0
Pamunugama_North-GM0514-H_A,79.838526,7.127138,340.0
Pamunugama_North-GM0514-H_B,79.838526,7.127138,160.0
Pamunugama_North-GM0514-H_U,79.838526,7.127138,340.0
Pamunugama_North-GM0514-H_V,79.838526,7.127138,160.0
Pamunugama_North-GM0514-P_A,79.838526,7.127138,340.0
Pamunugama_North-GM0514-P_B,79.838526,7.127138,160.0
Paradise_Negombo_Lamp-GM5001-H_A,79.841054,7.231476,0.0
Paradise_Negombo_Lamp-GM5001-H_B,79.841054,7.231476,90.0
Paradise_Negombo_Lamp-GM5001-H_C,79.841054,7.231476,180.0
Parana_Medawachchiya-TR0068-B_B,80.880297,8.89091,220.0
Pasyala-GM0090-H_1C,80.119444,7.168611,350.0
Pasyala-GM0090-P_1C,80.119444,7.168611,350.0
Peellawatta-GM0117-H_1A,79.91805500000002,7.178333,330.0
Peellawatta-GM0117-H_1B,79.91805500000002,7.178333,90.0
Peellawatta-GM0117-H_1C,79.91805500000002,7.178333,230.0
Peellawatta-GM0117-H_1V,79.91805500000002,7.178333,90.0
Peellawatta-GM0117-H_1W,79.91805500000002,7.178333,230.0
Peellawatta-GM0117-H_2A,79.91805500000002,7.178333,330.0
Peellawatta-GM0117-H_2B,79.91805500000002,7.178333,90.0
Peellawatta-GM0117-H_2C,79.91805500000002,7.178333,230.0
Peellawatta-GM0117-H_3A,79.91805500000002,7.178333,330.0
Peellawatta-GM0117-H_4A,79.91805500000002,7.178333,330.0
Peellawatta-GM0117-H_4B,79.91805500000002,7.178333,90.0
Peellawatta-GM0117-H_4C,79.91805500000002,7.178333,230.0
Peellawatta-GM0117-P_1A,79.91805500000002,7.178333,330.0
Peellawatta-GM0117-P_2A,79.91805500000002,7.178333,330.0
Peellawatta-GM0117-P_3A,79.91805500000002,7.178333,330.0
Peellawatta-GM0117-P_4A,79.91805500000002,7.178333,330.0
Peellawatta_North-GM0263-H_1A,79.918888,7.192777,10.0
Peellawatta_North-GM0263-H_1C,79.918888,7.192777,270.0
Peellawatta_North-GM0263-H_1W,79.918888,7.192777,270.0
Peellawatta_North-GM0263-H_2C,79.918888,7.192777,270.0
Peellawatta_North-GM0263-H_2W,79.918888,7.192777,270.0
Peellawatta_North-GM0263-H_4A,79.918888,7.192777,10.0
Peellawatta_North-GM0263-H_B,79.918888,7.192777,140.0
Peellawatta_North-GM0263-H_V,79.918888,7.192777,140.0
Periyamulla-GM0859-H_1B,79.850353,7.225527,80.0
Periyamulla-GM0859-H_1C,79.850353,7.225527,180.0
Periyamulla-GM0859-H_1D,79.850353,7.225527,0.0
Periyamulla-GM0859-H_1V,79.850353,7.225527,80.0
Periyamulla-GM0859-H_2B,79.850353,7.225527,80.0
Periyamulla-GM0859-H_2C,79.850353,7.225527,180.0
Periyamulla-GM0859-H_2D,79.850353,7.225527,0.0
Periyamulla-GM0859-H_2V,79.850353,7.225527,80.0
Periyamulla-GM0859-H_A,79.850353,7.225527,330.0
Periyamulla-GM0859-P_1C,79.850353,7.225527,180.0
Periyamulla-GM0859-P_2C,79.850353,7.225527,180.0
Pioneer_Reloc-CM1029-H_B,79.85282,6.907210000000001,230.0
Raddoluwa-GM0041-B_A,79.8989,7.1326800000000015,30.0
Raddoluwa-GM0041-B_B,79.8989,7.1326800000000015,130.0
Raddoluwa-GM0041-B_C,79.8989,7.1326800000000015,220.0
Raddoluwa-GM0041-H_1A,79.8989,7.1326800000000015,45.0
Raddoluwa-GM0041-H_1B,79.8989,7.1326800000000015,90.0
Raddoluwa-GM0041-H_1C,79.8989,7.1326800000000015,200.0
Raddoluwa-GM0041-H_2A,79.8989,7.1326800000000015,45.0
Raddoluwa-GM0041-H_2B,79.8989,7.1326800000000015,90.0
Raddoluwa-GM0041-H_2C,79.8989,7.1326800000000015,200.0
Raddoluwa-GM0041-H_3A,79.8989,7.1326800000000015,45.0
Raddoluwa-GM0041-H_3B,79.8989,7.1326800000000015,90.0
Raddoluwa-GM0041-H_4A,79.8989,7.1326800000000015,45.0
Raddoluwa-GM0041-H_4B,79.8989,7.1326800000000015,90.0
Raddoluwa-GM0041-P_1A,79.8989,7.1326800000000015,45.0
Raddoluwa-GM0041-P_2A,79.8989,7.1326800000000015,45.0
Raddoluwa-GM0041-P_3A,79.8989,7.1326800000000015,45.0
Raddoluwa-GM0041-P_4A,79.8989,7.1326800000000015,45.0
Raddoluwa_East-GM0641-H_1A,79.905,7.144167,40.0
Raddoluwa_East-GM0641-H_1B,79.905,7.144167,120.0
Raddoluwa_East-GM0641-H_2A,79.905,7.144167,40.0
Raddoluwa_East-GM0641-H_2B,79.905,7.144167,120.0
Raddoluwa_East-GM0641-H_2C,79.905,7.144167,230.0
Raddoluwa_East-GM0641-H_C,79.905,7.144167,230.0
Raddoluwa_East-GM0641-P_1A,79.905,7.144167,40.0
Raddoluwa_East-GM0641-P_1B,79.905,7.144167,120.0
Raddoluwa_East-GM0641-P_1C,79.905,7.144167,230.0
Raddoluwa_East-GM0641-P_2A,79.905,7.144167,40.0
Raddoluwa_East-GM0641-P_2B,79.905,7.144167,120.0
Raddoluwa_East-GM0641-P_2C,79.905,7.144167,230.0
Raddoluwa_Scheme-GM0442-H_1A,79.894444,7.1388880000000015,60.0
Raddoluwa_Scheme-GM0442-H_1B,79.894444,7.1388880000000015,180.0
Raddoluwa_Scheme-GM0442-H_1C,79.894444,7.1388880000000015,350.0
Raddoluwa_Scheme-GM0442-H_2A,79.894444,7.1388880000000015,60.0
Raddoluwa_Scheme-GM0442-H_2B,79.894444,7.1388880000000015,180.0
Raddoluwa_Scheme-GM0442-H_2C,79.894444,7.1388880000000015,350.0
Raddoluwa_Scheme-GM0442-H_3A,79.894444,7.1388880000000015,60.0
Raddoluwa_Scheme-GM0442-H_4A,79.894444,7.1388880000000015,60.0
Raddoluwa_Scheme-GM0442-P_1A,79.894444,7.1388880000000015,60.0
Raddoluwa_Scheme-GM0442-P_1B,79.894444,7.1388880000000015,180.0
Raddoluwa_Scheme-GM0442-P_2A,79.894444,7.1388880000000015,60.0
Raddoluwa_Scheme-GM0442-P_2B,79.894444,7.1388880000000015,180.0
Raddoluwa_Scheme-GM0442-P_3A,79.894444,7.1388880000000015,60.0
Raddoluwa_Scheme-GM0442-P_4A,79.894444,7.1388880000000015,60.0
Raddoluwa_West-GM0446-B_A,79.88555500000002,7.1325,10.0
Raddoluwa_West-GM0446-B_B,79.88555500000002,7.1325,150.0
Raddoluwa_West-GM0446-B_C,79.88555500000002,7.1325,290.0
Raddoluwa_West-GM0446-H_1A,79.88555500000002,7.1325,10.0
Raddoluwa_West-GM0446-H_1B,79.88555500000002,7.1325,140.0
Raddoluwa_West-GM0446-H_1C,79.88555500000002,7.1325,290.0
Raddoluwa_West-GM0446-H_2A,79.88555500000002,7.1325,10.0
Raddoluwa_West-GM0446-H_2B,79.88555500000002,7.1325,140.0
Raddoluwa_West-GM0446-H_2C,79.88555500000002,7.1325,290.0
Raddoluwa_West-GM0446-H_3A,79.88555500000002,7.1325,10.0
Raddoluwa_West-GM0446-H_3B,79.88555500000002,7.1325,140.0
Raddoluwa_West-GM0446-H_4A,79.88555500000002,7.1325,10.0
Raddoluwa_West-GM0446-H_4B,79.88555500000002,7.1325,140.0
Raddoluwa_West-GM0446-P_1B,79.88555500000002,7.1325,140.0
Raddoluwa_West-GM0446-P_2B,79.88555500000002,7.1325,140.0
Raddoluwa_West-GM0446-P_3B,79.88555500000002,7.1325,140.0
Raddoluwa_West-GM0446-P_4B,79.88555500000002,7.1325,140.0
Ramagewatta-GM0468-B_A,79.875866,7.253508,30.0
Ramagewatta-GM0468-B_B,79.875866,7.253508,120.0
Ramagewatta-GM0468-B_C,79.875866,7.253508,220.0
Ramagewatta-GM0468-B_D,79.875866,7.253508,330.0
Ramagewatta-GM0468-H_1B,79.875866,7.253508,120.0
Ramagewatta-GM0468-H_2B,79.875866,7.253508,120.0
Ramagewatta-GM0468-H_A,79.875866,7.253508,30.0
Ramagewatta-GM0468-H_C,79.875866,7.253508,220.0
Ramagewatta-GM0468-H_D,79.875866,7.253508,330.0
Ramagewatta-GM0468-H_U,79.875866,7.253508,30.0
Ramagewatta_West-GM0474-B_A,79.8968,7.2484600000000015,10.0
Ramagewatta_West-GM0474-B_B,79.8968,7.2484600000000015,140.0
Ramagewatta_West-GM0474-B_C,79.8968,7.2484600000000015,260.0
Ramagewatta_West-GM0474-H_1B,79.8968,7.2484600000000015,135.0
Ramagewatta_West-GM0474-H_1C,79.8968,7.2484600000000015,250.0
Ramagewatta_West-GM0474-H_2B,79.8968,7.2484600000000015,135.0
Ramagewatta_West-GM0474-H_2C,79.8968,7.2484600000000015,250.0
Ramagewatta_West-GM0474-H_A,79.8968,7.2484600000000015,10.0
Ranweli_Hotel-PU0151-H_A,79.840888,7.283367,680.0
Reclamation_Rd-CM1068-H_B,79.851528,6.938756,100.0
ST_Jude_Road_Kattuwa-GM0767-B_A,79.85029899999998,7.24035,15.0
ST_Jude_Road_Kattuwa-GM0767-B_B,79.85029899999998,7.24035,90.0
ST_Jude_Road_Kattuwa-GM0767-B_C,79.85029899999998,7.24035,180.0
ST_Jude_Road_Kattuwa-GM0767-B_D,79.85029899999998,7.24035,270.0
ST_Jude_Road_Kattuwa-GM0767-H_1A,79.85029899999998,7.24035,15.0
ST_Jude_Road_Kattuwa-GM0767-H_1B,79.85029899999998,7.24035,90.0
ST_Jude_Road_Kattuwa-GM0767-H_1C,79.85029899999998,7.24035,180.0
ST_Jude_Road_Kattuwa-GM0767-H_1D,79.85029899999998,7.24035,270.0
Sainthamaruthu_North-AM0068-B_A,81.841792,7.392733,0.0
Savoy-CM0103-H_B,79.85805500000002,6.879444,140.0
Seeduwa-GM0043-B_A,79.875,7.142222,95.0
Seeduwa-GM0043-B_B,79.875,7.142222,180.0
Seeduwa-GM0043-B_C,79.875,7.142222,335.0
Seeduwa-GM0043-H_1A,79.875,7.142222,95.0
Seeduwa-GM0043-H_1B,79.875,7.142222,180.0
Seeduwa-GM0043-H_1C,79.875,7.142222,335.0
Seeduwa-GM0043-H_2A,79.875,7.142222,95.0
Seeduwa-GM0043-H_2B,79.875,7.142222,180.0
Seeduwa-GM0043-H_2C,79.875,7.142222,335.0
Seeduwa-GM0043-H_3A,79.875,7.142222,95.0
Seeduwa-GM0043-H_4A,79.875,7.142222,95.0
Seeduwa-GM0043-P_B,79.875,7.142222,180.0
Seeduwa_South-GM0097-B_A,79.876111,7.127777,10.0
Seeduwa_South-GM0097-B_B,79.876111,7.127777,110.0
Seeduwa_South-GM0097-B_C,79.876111,7.127777,270.0
Seeduwa_South-GM0097-H_1A,79.876111,7.127777,40.0
Seeduwa_South-GM0097-H_1B,79.876111,7.127777,110.0
Seeduwa_South-GM0097-H_2A,79.876111,7.127777,40.0
Seeduwa_South-GM0097-H_2B,79.876111,7.127777,110.0
Seeduwa_South-GM0097-H_C,79.876111,7.127777,270.0
Seeduwa_South-GM0097-P_1C,79.876111,7.127777,270.0
Seeduwa_South-GM0097-P_2C,79.876111,7.127777,270.0
ShangriLa_Col_A_Ind-CM1196-K_F,79.844415,6.928555,0.0
ShangriLa_Col_BF_Ind-CM1196-K_B,79.844415,6.928555,0.0
Sittandy-BA0010-B_A,81.553411,7.824313,90.0
Sittandy-BA0010-B_B,81.553411,7.824313,180.0
Sittandy-BA0010-H_4A,81.553411,7.824313,120.0
Tammita-GM0260-H_1D,79.966944,7.094166,330.0
Tammita-GM0260-P_C,79.966944,7.094166,270.0
Thalangama_West-CM0422-H_C,79.923089,6.896038000000001,260.0
Thambarawila-PU0083-H_1B,79.872222,7.288611,235.0
Thambarawila-PU0083-P_1B,79.872222,7.288611,235.0
Tyre_Junc-GM0839-H_1A,79.91277600000002,6.969268,60.0
Tyre_Junc-GM0839-H_B,79.91277600000002,6.969268,140.0
Udammita-GM0196-B_A,79.894444,7.1144440000000015,5.0
Udammita-GM0196-B_B,79.894444,7.1144440000000015,135.0
Udammita-GM0196-B_C,79.894444,7.1144440000000015,280.0
Udammita-GM0196-H_1A,79.894444,7.1144440000000015,5.0
Udammita-GM0196-H_1B,79.894444,7.1144440000000015,135.0
Udammita-GM0196-H_2A,79.894444,7.1144440000000015,5.0
Udammita-GM0196-H_2B,79.894444,7.1144440000000015,135.0
Udammita-GM0196-H_C,79.894444,7.1144440000000015,280.0
Udammita_East-GM0598-H_1C,79.901111,7.116944,345.0
Udammita_East-GM0598-H_2C,79.901111,7.116944,345.0
Udammita_East-GM0598-H_A,79.901111,7.116944,80.0
Udammita_East-GM0598-H_B,79.901111,7.116944,210.0
Udammita_East-GM0598-P_1B,79.901111,7.116944,50.0
Udammita_East-GM0598-P_1C,79.901111,7.116944,345.0
Udammita_East-GM0598-P_2B,79.901111,7.116944,50.0
Udammita_East-GM0598-P_2C,79.901111,7.116944,345.0
Uggalboda-GM0197-B_C,79.954722,7.1341660000000005,130.0
Uggalboda-GM0197-H_1A,79.954722,7.1341660000000005,0.0
Uggalboda-GM0197-H_1D,79.954722,7.1341660000000005,270.0
Uggalboda-GM0197-H_2D,79.954722,7.1341660000000005,270.0
Uggalboda-GM0197-H_B,79.954722,7.1341660000000005,120.0
Uggalboda-GM0197-H_C,79.954722,7.1341660000000005,240.0
Uswetakeiyawa-GM0046-B_A,79.857222,7.065,30.0
Uswetakeiyawa-GM0046-H_2A,79.857222,7.065,300.0
Uswetakeiyawa-GM0046-P_A,79.857222,7.065,30.0
Vantharumoolai-BA0016-B_A,81.57480100000002,7.800278,10.0
Vantharumoolai-BA0016-B_C,81.57480100000002,7.800278,290.0
Vantharumoolai-BA0016-H_C,81.57480100000002,7.800278,290.0
Vishakawatta-GM0448-H_1A,79.91027700000002,7.0938880000000015,25.0
Vishakawatta-GM0448-H_1C,79.91027700000002,7.0938880000000015,220.0
Vishakawatta-GM0448-H_2A,79.91027700000002,7.0938880000000015,25.0
Vishakawatta-GM0448-H_2C,79.91027700000002,7.0938880000000015,220.0
Vishakawatta-GM0448-H_3A,79.91027700000002,7.0938880000000015,25.0
Vishakawatta-GM0448-H_4A,79.91027700000002,7.0938880000000015,25.0
Vishakawatta-GM0448-H_4C,79.91027700000002,7.0938880000000015,220.0
Vishakawatta-GM0448-P_1A,79.91027700000002,7.0938880000000015,25.0
Vishakawatta-GM0448-P_2A,79.91027700000002,7.0938880000000015,25.0
Vishakawatta-GM0448-P_3A,79.91027700000002,7.0938880000000015,25.0
Waikkala-PU0012-B_B,79.861666,7.277222,170.0
Waikkala-PU0012-H_1B,79.861666,7.277222,150.0
Waikkala-PU0012-H_1C,79.861666,7.277222,310.0
Waikkala-PU0012-H_2B,79.861666,7.277222,150.0
Waikkala-PU0012-H_2C,79.861666,7.277222,310.0
Waikkala_West-PU0187-B_B,79.84907,7.27813,170.0
Waikkala_West-PU0187-H_A,79.84907,7.27813,50.0
Waikkala_West-PU0187-H_B,79.84907,7.27813,170.0
Waikkala_West-PU0187-H_C,79.84907,7.27813,280.0
Waragoda-GM0178-H_2B,79.90472199999998,6.958611,240.0
Waragoda-GM0178-H_C,79.90472199999998,6.958611,315.0
Wekada-PU0029-H_1C,79.927777,7.302222,270.0
Welihena-GM0180-B_A,79.86444399999998,7.25,30.0
Welihena-GM0180-B_B,79.86444399999998,7.25,120.0
Welihena-GM0180-B_C,79.86444399999998,7.25,260.0
Welihena-GM0180-H_1A,79.86444399999998,7.25,40.0
Welihena-GM0180-H_1B,79.86444399999998,7.25,150.0
Welihena-GM0180-H_1C,79.86444399999998,7.25,350.0
Welihena-GM0180-H_1U,79.86444399999998,7.25,40.0
Welihena-GM0180-H_2A,79.86444399999998,7.25,40.0
Welihena-GM0180-H_2B,79.86444399999998,7.25,150.0
Welihena-GM0180-H_2C,79.86444399999998,7.25,350.0
Welihena-GM0180-H_2U,79.86444399999998,7.25,40.0
Welihena-GM0180-H_3C,79.86444399999998,7.25,350.0
Welihena-GM0180-H_4C,79.86444399999998,7.25,350.0
Wewelgare-GM0267-H_1A,79.923055,7.070833,0.0
